{
  "project_info": {
    "project_number": "812875090725",
    "firebase_url": "https://home-training-d2c75-default-rtdb.firebaseio.com",
    "project_id": "home-training-d2c75",
    "storage_bucket": "home-training-d2c75.appspot.com"
  },
  "client": [
    {
      "client_info": {
        "mobilesdk_app_id": "1:812875090725:android:efc7e21070da28363e28cc",
        "android_client_info": {
          "package_name": "com.example.aiot"
        }
      },
      "oauth_client": [
        {
          "client_id": "812875090725-daorrfgtk56bbhbcrsq00h4ve2o42c5h.apps.googleusercontent.com",
          "client_type": 3
        }
      ],
      "api_key": [
        {
          "current_key": "AIzaSyCrl6dh-bz5DUPYbj-DgnxHIcd9XQ2fJJg"
        }
      ],
      "services": {
        "appinvite_service": {
          "other_platform_oauth_client": [
            {
              "client_id": "812875090725-daorrfgtk56bbhbcrsq00h4ve2o42c5h.apps.googleusercontent.com",
              "client_type": 3
            }
          ]
        }
      }
    },
    {
      "client_info": {
        "mobilesdk_app_id": "1:812875090725:android:0324aa80fe6e2e6c3e28cc",
        "android_client_info": {
          "package_name": "com.example.db"
        }
      },
      "oauth_client": [
        {
          "client_id": "812875090725-daorrfgtk56bbhbcrsq00h4ve2o42c5h.apps.googleusercontent.com",
          "client_type": 3
        }
      ],
      "api_key": [
        {
          "current_key": "AIzaSyCrl6dh-bz5DUPYbj-DgnxHIcd9XQ2fJJg"
        }
      ],
      "services": {
        "appinvite_service": {
          "other_platform_oauth_client": [
            {
              "client_id": "812875090725-daorrfgtk56bbhbcrsq00h4ve2o42c5h.apps.googleusercontent.com",
              "client_type": 3
            }
          ]
        }
      }
    }
  ],
  "configuration_version": "1"
}